-- phpMyAdmin SQL Dump
-- version 5.2.1
-- https://www.phpmyadmin.net/
--
-- Host: 127.0.0.1
-- Generation Time: Sep 10, 2024 at 12:45 AM
-- Server version: 10.4.32-MariaDB
-- PHP Version: 8.2.12

SET SQL_MODE = "NO_AUTO_VALUE_ON_ZERO";
START TRANSACTION;
SET time_zone = "+00:00";


/*!40101 SET @OLD_CHARACTER_SET_CLIENT=@@CHARACTER_SET_CLIENT */;
/*!40101 SET @OLD_CHARACTER_SET_RESULTS=@@CHARACTER_SET_RESULTS */;
/*!40101 SET @OLD_COLLATION_CONNECTION=@@COLLATION_CONNECTION */;
/*!40101 SET NAMES utf8mb4 */;

--
-- Database: `car rental system`
--

-- --------------------------------------------------------

--
-- Table structure for table `car`
--

CREATE TABLE `car` (
  `car_id` int(11) DEFAULT NULL,
  `model` varchar(50) DEFAULT NULL,
  `manufacture_year` varchar(50) DEFAULT NULL,
  `license_plate` varchar(50) DEFAULT NULL,
  `rental_rate` int(11) DEFAULT NULL
) ENGINE=InnoDB DEFAULT CHARSET=utf8mb4 COLLATE=utf8mb4_general_ci;

--
-- Dumping data for table `car`
--

INSERT INTO `car` (`car_id`, `model`, `manufacture_year`, `license_plate`, `rental_rate`) VALUES
(1, 'Porsche', '1995', '3VW1K7AJ2BM556158', 2218),
(2, 'Oldsmobile', '1998', 'WBANF73557C881515', 2416),
(3, 'Chevrolet', '1998', '2T1BU4EE4BC707247', 2541),
(4, 'Toyota', '2007', 'KMHTC6AD3CU844616', 2663),
(5, 'Land Rover', '1998', '2G4WD562851583297', 2758),
(6, 'Ford', '2008', 'WBABS33452J747901', 2851),
(7, 'Buick', '2001', 'WAUUL78E45A794985', 2909),
(8, 'Porsche', '1985', '1FTSW2B54AE933283', 2176),
(9, 'Chevrolet', '1996', '3FADP4AJ1DM496396', 2984),
(10, 'GMC', '1993', 'SCBZB25E42C580178', 2900),
(11, 'Mercury', '1999', 'JN1BY1AP5EM885494', 2698),
(12, 'Dodge', '2009', 'WAUVT54B82N748147', 2744),
(13, 'Lexus', '2005', 'WBANW53599C952366', 2770),
(14, 'Pontiac', '1993', '3VWML7AJ4BM348096', 2227),
(15, 'Kia', '2007', '3C4PDDEG5FT906446', 2886),
(16, 'Subaru', '1987', '3GTU2YEJ5BG762816', 2714),
(17, 'Audi', '2007', '1G6YV34A355999252', 2329),
(18, 'Volvo', '1992', 'WAUBFAFL5BA765228', 2373),
(19, 'GMC', '2005', 'JTHBW1GG6E1348403', 2681),
(20, 'GMC', '2005', '1D7RB1GP5AS648908', 2415),
(21, 'Maserati', '1985', 'WBAYM1C50FD353387', 2341),
(22, 'Buick', '1995', '1GD120EG8BF138692', 2016),
(23, 'Toyota', '1996', '1GYEE23A490243793', 2061),
(24, 'Infiniti', '2003', 'WAUMFBFL2BN139210', 2850),
(25, 'BMW', '2006', '1G6DW677X50022524', 2182),
(26, 'Mazda', '2008', '1FAHP3FNXAW024006', 2133),
(27, 'Mercury', '2004', '1G4GA5GR1EF299513', 2193),
(28, 'Ford', '1989', '1FTEX1C85AF868113', 2932),
(29, 'Jeep', '1999', 'JN1AZ4EH7CM952963', 2204),
(30, 'Rolls-Royce', '2008', '1C3CDZCB0CN783822', 2792),
(31, 'Ford', '1991', 'JN8AS5MT3FW321654', 2465),
(32, 'Infiniti', '2003', 'JN1BY1ARXEM083170', 2992),
(33, 'Buick', '2011', '2G4GU5GV8D9003446', 2037),
(34, 'Mercury', '2006', 'WBAGN83595D032206', 2661),
(35, 'Lotus', '2010', 'WBSVA93528E793338', 2182),
(36, 'Cadillac', '2009', '3VW467AT7DM436281', 2886),
(37, 'Chevrolet', '2004', '1C3CCBAG9EN031743', 2477),
(38, 'Maserati', '2002', 'WAUCFAFR0BA464066', 2778),
(39, 'Ford', '2000', '1GD21ZCG4CZ501858', 2026),
(40, 'Volvo', '2010', 'NM0AE8F71E1404108', 2533),
(41, 'Lotus', '2004', '1G6AM5S34F0492363', 2136),
(42, 'Buick', '1994', 'WBAHN03578D633611', 2898),
(43, 'Acura', '1998', 'KMHGH4JF5BU785821', 2335),
(44, 'Mitsubishi', '1994', '2C3CA3CV4AH074333', 2208),
(45, 'Dodge', '1998', '3D7TT2CTXAG958944', 2370),
(46, 'Ford', '1993', 'KM8NU4CC2CU365229', 2541),
(47, 'Dodge', '2008', '5GAKRCKD4EJ583918', 2228),
(48, 'Chevrolet', '2004', '3C6TD5FT5CG727402', 2899),
(49, 'Toyota', '2009', '1GD11XEG8FF990395', 2494),
(50, 'Toyota', '1978', 'WAUBF48H78K041084', 2450),
(51, 'Porsche', '1997', '19VDE3F72EE219221', 2224),
(52, 'Kia', '2006', '2G61V5S36D9872417', 2047),
(53, 'Volkswagen', '2010', '1HGCR2E51DA459395', 2176),
(54, 'Saturn', '1994', '5J8TB4H57EL717517', 2243),
(55, 'Buick', '1995', '19XFB2F57EE830573', 2134),
(56, 'Hyundai', '2011', '2G61P5S37E9015177', 2718),
(57, 'Dodge', '2004', 'JN8AF5MRXFT745715', 2401),
(58, 'Mazda', '1997', '2C3CDXHG9FH663944', 2317),
(59, 'MINI', '2008', '1LNHL9DK0EG520350', 2527),
(60, 'Chevrolet', '1993', 'SCBLC37FX6C366011', 2760),
(61, 'Volkswagen', '1997', '1FTEW1C85AF745124', 2560),
(62, 'Oldsmobile', '1994', '1G4HD57248U133629', 2642),
(63, 'Mitsubishi', '1992', '19UYA42651A472412', 2557),
(64, 'Suzuki', '2012', 'KL4CJDSB3DB907636', 2637),
(65, 'Ford', '1997', '1HGCP2E37CA508876', 2221),
(66, 'Chrysler', '2002', '3VW467AT0DM527621', 2924),
(67, 'Volkswagen', '1995', '4F2CY0C73BK074471', 2072),
(68, 'Buick', '1992', 'WBSBL93412J385741', 2645),
(69, 'BMW', '2003', 'SCFHDDBTXEG338351', 2975),
(70, 'Lincoln', '2006', '19UUA65505A546242', 2945),
(71, 'Honda', '2005', '1C4AJWAG1FL419885', 2723),
(72, 'Dodge', '2010', '5TDDK3DC9DS086087', 2273),
(73, 'Chevrolet', '2011', 'TRUTC28N441815324', 2373),
(74, 'Bentley', '2007', '19UUB2F5XFA886777', 2486),
(75, 'Chevrolet', '2002', '5LMJJ3H5XBE015171', 2918),
(76, 'Pontiac', '1996', '1FMJK1F56CE374135', 2930),
(77, 'Mercedes-Benz', '1993', 'WAULC58E84A286288', 2486),
(78, 'Ford', '2007', 'WAULFAFRXEA626306', 2905),
(79, 'Porsche', '2012', 'SCBLE37G43C203773', 2654),
(80, 'Mercedes-Benz', '2005', '3VW4S7AT9EM541594', 2691),
(81, 'Subaru', '2013', 'WBA5A7C53FG468160', 2319),
(82, 'Kia', '2003', 'WBAWR3C59AP359748', 2706),
(83, 'Honda', '1995', '1G6DS57VX80248815', 2681),
(84, 'Ford', '1966', 'SCFFDABE1CG370447', 2526),
(85, 'Toyota', '1994', '1G4HD57236U042266', 2192),
(86, 'Nissan', '2008', 'WAUAC48H83K129820', 2737),
(87, 'Subaru', '1988', '2C3CCAJT8CH027910', 2866),
(88, 'Nissan', '1992', 'WAURV78T89A993588', 2581),
(89, 'Pontiac', '1998', '5N1AZ2MG9FN171284', 2148),
(90, 'Mazda', '2013', '2D4RN5DGXBR805190', 2207),
(91, 'Lexus', '2008', 'WBAVA37568N858266', 2754),
(92, 'Mercedes-Benz', '2010', 'WVGAV7AX0BW455825', 2010),
(93, 'Pontiac', '1991', 'JN8AF5MV3FT628006', 2287),
(94, 'GMC', '2009', 'WBABN33483J285987', 2748),
(95, 'Chevrolet', '2006', '1FAHP3EN5AW234269', 2863),
(96, 'Mercury', '2011', '5GADV23L26D071319', 2322),
(97, 'Volvo', '2011', 'WAUR2AFD7DN184506', 2884),
(98, 'Mercedes-Benz', '2011', '1GYEK63N35R458249', 2923),
(99, 'Ram', '2012', 'WA1LKAFP4AA063318', 2393),
(100, 'Ford', '2013', '4JGBB9FB7AA628970', 2557);

-- --------------------------------------------------------

--
-- Table structure for table `customer`
--

CREATE TABLE `customer` (
  `customer_id` int(11) DEFAULT NULL,
  `first_name` varchar(50) DEFAULT NULL,
  `last_name` varchar(50) DEFAULT NULL,
  `email` varchar(50) DEFAULT NULL,
  `phone` varchar(50) DEFAULT NULL,
  `adress` varchar(50) DEFAULT NULL,
  `license_number` varchar(50) DEFAULT NULL,
  `license_expiry` date DEFAULT NULL,
  `date_of_birth` date DEFAULT NULL
) ENGINE=InnoDB DEFAULT CHARSET=utf8mb4 COLLATE=utf8mb4_general_ci;

--
-- Dumping data for table `customer`
--

INSERT INTO `customer` (`customer_id`, `first_name`, `last_name`, `email`, `phone`, `adress`, `license_number`, `license_expiry`, `date_of_birth`) VALUES
(1, 'Yard', 'Cunrado', 'ycunrado0@google.pl', '902-637-0564', '7615 Gateway Junction', '8713731130', '2014-03-13', '1996-03-21'),
(2, 'Barbabra', 'Pharo', 'bpharo1@com.com', '657-463-0753', '132 Lunder Drive', '7806623353', '2007-11-22', '1997-09-03'),
(3, 'Horton', 'Wort', 'hwort2@time.com', '113-371-8075', '2096 Charing Cross Center', '6296203772', '2022-01-03', '2001-08-30'),
(4, 'Gram', 'Dannehl', 'gdannehl3@baidu.com', '385-901-0174', '75 Raven Place', '9908704397', '2018-02-17', '1986-08-01'),
(5, 'Nichole', 'Wiffler', 'nwiffler4@alexa.com', '791-967-5567', '5086 Hudson Drive', '4594906850', '2017-02-23', '2023-02-27'),
(6, 'Yvor', 'Leeman', 'yleeman5@squarespace.com', '910-905-9364', '174 Dottie Place', '9822365233', '2007-03-25', '2003-06-24'),
(7, 'Genny', 'Scallon', 'gscallon6@4shared.com', '982-707-7792', '55 Mallard Place', '0244404178', '2016-10-15', '1995-02-13'),
(8, 'Eydie', 'Ayre', 'eayre7@nationalgeographic.com', '144-542-3151', '4868 Karstens Alley', '7436886541', '2016-05-12', '2005-02-24'),
(9, 'Miguel', 'Eilhermann', 'meilhermann8@instagram.com', '841-175-8017', '034 Petterle Parkway', '1850030375', '2021-02-06', '2019-02-02'),
(10, 'Edie', 'Abbe', 'eabbe9@bloglovin.com', '962-646-7561', '55070 Service Terrace', '2792747811', '2011-12-26', '2002-12-07'),
(11, 'Kelley', 'Rounsefell', 'krounsefella@studiopress.com', '630-889-6466', '2 International Circle', '6338067367', '2022-09-17', '1999-07-30'),
(12, 'Susie', 'Gravenall', 'sgravenallb@ca.gov', '813-166-2507', '9 John Wall Lane', '8950932091', '2008-09-13', '2017-06-29'),
(13, 'Ann-marie', 'Ingerson', 'aingersonc@seattletimes.com', '455-726-8079', '670 Waywood Crossing', '1805940406', '2017-01-02', '1992-11-01'),
(14, 'Tommy', 'Philippard', 'tphilippardd@about.com', '165-241-8869', '49852 Eggendart Pass', '3266091949', '2002-11-28', '2016-11-10'),
(15, 'Augusto', 'Brockest', 'abrockeste@canalblog.com', '505-347-0180', '91 Brown Hill', '6106151733', '2009-12-20', '2013-08-23'),
(16, 'Terrell', 'Linguard', 'tlinguardf@flickr.com', '465-729-8807', '64 Namekagon Parkway', '4032739838', '2017-01-05', '1982-05-18'),
(17, 'Latia', 'Bollin', 'lbolling@cargocollective.com', '779-549-8923', '3775 Fieldstone Lane', '6711961005', '2001-02-08', '1987-06-13'),
(18, 'Cordi', 'Graben', 'cgrabenh@statcounter.com', '599-614-4984', '565 Towne Parkway', '7796015577', '2009-05-28', '2021-04-03'),
(19, 'Maud', 'Boycott', 'mboycotti@163.com', '395-455-3746', '6 Warbler Avenue', '7700194610', '2021-05-21', '2011-11-25'),
(20, 'Keefer', 'Ishaki', 'kishakij@yandex.ru', '352-241-0674', '6246 Eastlawn Circle', '5734664596', '2005-06-13', '2012-09-04'),
(21, 'Deane', 'Patton', 'dpattonk@gizmodo.com', '969-822-5218', '60 Pine View Street', '3380722146', '2015-08-25', '1998-09-14'),
(22, 'Standford', 'Benoit', 'sbenoitl@webmd.com', '355-326-2465', '03329 Mariners Cove Avenue', '5989365241', '2008-05-05', '1985-08-23'),
(23, 'Pearla', 'Crossdale', 'pcrossdalem@nhs.uk', '530-665-6954', '70 Katie Park', '0358732948', '2005-07-04', '2003-06-30'),
(24, 'Lynda', 'Stonhewer', 'lstonhewern@domainmarket.com', '718-979-7549', '91586 Mosinee Street', '0293058083', '2024-07-27', '2015-12-19'),
(25, 'Dennie', 'Fann', 'dfanno@cmu.edu', '689-964-9522', '212 Everett Alley', '5379230326', '2018-05-27', '2011-03-05'),
(26, 'Olenolin', 'Sigsworth', 'osigsworthp@theglobeandmail.com', '205-616-2517', '62 Heath Terrace', '8169555671', '2023-05-12', '2005-11-27'),
(27, 'Damiano', 'Heinsen', 'dheinsenq@oakley.com', '865-646-0268', '04540 Trailsway Trail', '8720804539', '2018-10-18', '2011-05-09'),
(28, 'Brana', 'Moine', 'bmoiner@slideshare.net', '197-364-7110', '05 Hansons Trail', '4360750021', '2015-01-05', '1995-08-27'),
(29, 'Marmaduke', 'Klemps', 'mklempss@wsj.com', '303-521-0166', '2050 Barnett Drive', '6331782958', '2024-01-12', '2006-11-17'),
(30, 'Silvano', 'Tolomio', 'stolomiot@salon.com', '861-602-6734', '0 Milwaukee Circle', '2300009161', '2020-02-22', '2003-09-17'),
(31, 'Kayle', 'Quickfall', 'kquickfallu@salon.com', '451-566-8507', '2221 Dahle Trail', '1028308310', '2010-05-10', '2003-01-12'),
(32, 'Kaitlynn', 'Larmor', 'klarmorv@aboutads.info', '677-475-2370', '041 Grasskamp Avenue', '7409459328', '2007-10-04', '2016-03-30'),
(33, 'Alica', 'Climson', 'aclimsonw@latimes.com', '756-853-9400', '41061 Green Ridge Crossing', '5301178571', '2006-01-30', '2004-06-27'),
(34, 'Leoine', 'Parfett', 'lparfettx@clickbank.net', '664-365-7003', '506 Sunfield Terrace', '3005076954', '2004-12-29', '1993-08-09'),
(35, 'Jean', 'Vella', 'jvellay@aboutads.info', '465-841-2275', '16 Fremont Way', '1822700132', '2012-10-01', '1999-08-06'),
(36, 'Cinderella', 'Woltman', 'cwoltmanz@mayoclinic.com', '427-987-6711', '6 Becker Lane', '5194921381', '2007-01-10', '2018-03-09'),
(37, 'Eolande', 'Solan', 'esolan10@uiuc.edu', '283-557-1539', '1 Oakridge Hill', '7044082718', '2018-09-03', '1994-01-11'),
(38, 'Locke', 'Spicer', 'lspicer11@blogtalkradio.com', '659-771-8789', '929 John Wall Point', '3742944827', '2019-05-17', '2004-03-30'),
(39, 'Claiborn', 'Brunstan', 'cbrunstan12@ning.com', '369-926-9634', '71391 Welch Circle', '3748510594', '2012-08-09', '1991-01-22'),
(40, 'Odelle', 'Critchley', 'ocritchley13@hao123.com', '964-327-2250', '2092 Fallview Avenue', '9012765862', '2015-01-06', '1996-12-06'),
(41, 'Steffen', 'Doleman', 'sdoleman14@hugedomains.com', '526-640-3940', '580 Ronald Regan Court', '5306733336', '2024-07-03', '2012-11-10'),
(42, 'Helyn', 'Govinlock', 'hgovinlock15@diigo.com', '512-903-1505', '9521 Schlimgen Trail', '8322922957', '2005-06-05', '1993-12-14'),
(43, 'Giff', 'Milillo', 'gmilillo16@com.com', '550-382-4221', '7971 Bobwhite Drive', '4540239716', '2001-08-06', '1997-10-01'),
(44, 'Bonita', 'Berceros', 'bberceros17@abc.net.au', '274-480-9578', '28 Brown Parkway', '4733192207', '2010-08-14', '2013-09-12'),
(45, 'Artus', 'Jann', 'ajann18@admin.ch', '374-903-7335', '135 Del Sol Street', '9174069748', '2010-03-25', '1985-01-09'),
(46, 'Elvyn', 'Tringham', 'etringham19@flavors.me', '331-695-3219', '94 Myrtle Lane', '1531730582', '2022-09-15', '1995-05-21'),
(47, 'Elizabet', 'Jamson', 'ejamson1a@meetup.com', '997-256-6597', '363 Transport Lane', '3712256213', '2001-02-28', '1985-04-24'),
(48, 'Ashley', 'Neilan', 'aneilan1b@latimes.com', '885-200-8094', '4940 Cardinal Center', '8499571204', '2005-05-03', '2014-03-02'),
(49, 'Chelsey', 'Coule', 'ccoule1c@rediff.com', '881-315-0181', '4 Fair Oaks Center', '3314656866', '2002-01-16', '1987-02-18'),
(50, 'Christoforo', 'Jikylls', 'cjikylls1d@oakley.com', '933-813-6120', '6 Becker Junction', '3507661055', '2000-06-10', '2012-06-08'),
(51, 'Giraud', 'Yo', 'gyo1e@gravatar.com', '124-325-8999', '3 Florence Drive', '1491680989', '2018-03-11', '2010-09-12'),
(52, 'Margalit', 'Antoons', 'mantoons1f@youtu.be', '249-534-6039', '559 Tony Parkway', '2695150199', '2020-05-17', '1986-12-14'),
(53, 'Roseline', 'Hellis', 'rhellis1g@flavors.me', '514-664-4033', '19 Meadow Valley Court', '9006058734', '2018-01-26', '1985-11-18'),
(54, 'Alyson', 'Mechic', 'amechic1h@fda.gov', '453-675-4138', '0 Marcy Point', '6990432810', '2001-04-29', '1982-04-04'),
(55, 'Eunice', 'Wilshaw', 'ewilshaw1i@ustream.tv', '144-754-8259', '58379 Anhalt Park', '4868922432', '2022-01-26', '1985-06-15'),
(56, 'Cymbre', 'Firsby', 'cfirsby1j@lulu.com', '649-642-5654', '144 Graedel Center', '1311569766', '2002-12-17', '1999-09-07'),
(57, 'Callie', 'Pauncefoot', 'cpauncefoot1k@woothemes.com', '657-258-4180', '6 Forest Run Alley', '3086772174', '2005-12-11', '2003-04-16'),
(58, 'Dalis', 'Simonin', 'dsimonin1l@feedburner.com', '447-843-1145', '8891 Claremont Court', '9070559803', '2007-01-23', '2014-02-07'),
(59, 'Dun', 'Beddie', 'dbeddie1m@sakura.ne.jp', '333-775-2592', '13915 Redwing Junction', '4242384017', '2008-05-12', '1993-09-15'),
(60, 'Kordula', 'Studde', 'kstudde1n@sciencedaily.com', '906-267-7344', '100 Toban Street', '7646585769', '2000-07-11', '2014-08-13'),
(61, 'Miner', 'Roome', 'mroome1o@mapquest.com', '470-476-4912', '4 Graceland Park', '6797922658', '2023-10-06', '2002-12-26'),
(62, 'Thelma', 'Chilvers', 'tchilvers1p@theglobeandmail.com', '926-395-7464', '36131 Tony Street', '6626968149', '2000-02-18', '2007-09-03'),
(63, 'Udale', 'Pickervance', 'upickervance1q@washingtonpost.com', '373-844-4838', '63 Shopko Place', '4677676895', '2021-07-17', '2012-12-24'),
(64, 'Meade', 'Spittall', 'mspittall1r@ucoz.ru', '606-285-2422', '2697 Meadow Ridge Hill', '5409938402', '2001-02-15', '2013-08-17'),
(65, 'Dode', 'Jannings', 'djannings1s@tiny.cc', '687-485-1038', '424 Everett Crossing', '7798283552', '2005-08-18', '2022-01-05'),
(66, 'Sarette', 'Ales0', 'sales1t@xing.com', '211-202-9036', '2367 Cascade Drive', '4805055472', '2019-10-18', '2012-04-29'),
(67, 'Leonelle', 'Larkworthy', 'llarkworthy1u@e-recht24.de', '964-194-5924', '23124 Bonner Lane', '6549547105', '2006-03-05', '1984-09-19'),
(68, 'Gail', 'Romand', 'gromand1v@multiply.com', '634-141-4615', '8881 Gale Circle', '1069467200', '2015-09-08', '2004-06-26'),
(69, 'Sal', 'Hyams', 'shyams1w@pbs.org', '779-777-6210', '239 5th Trail', '1415150273', '2018-08-22', '2011-08-17'),
(70, 'Doe', 'Shallcroff', 'dshallcroff1x@vkontakte.ru', '610-564-9223', '792 Loomis Terrace', '8563038753', '2013-05-10', '1997-09-04'),
(71, 'Brade', 'Chatenet', 'bchatenet1y@state.gov', '885-128-3763', '830 Burrows Terrace', '4414319862', '2019-03-18', '2020-03-16'),
(72, 'Ramonda', 'Mumbeson', 'rmumbeson1z@weebly.com', '283-188-7961', '0 Helena Pass', '7155143553', '2002-03-28', '2010-04-26'),
(73, 'Clem', 'Shortland', 'cshortland20@nih.gov', '519-618-5349', '9848 American Junction', '4803830789', '2008-01-16', '2013-07-28'),
(74, 'Gretel', 'Cloughton', 'gcloughton21@nymag.com', '581-299-0473', '5482 Bunker Hill Crossing', '6699526154', '2016-01-06', '1998-02-19'),
(75, 'Isa', 'McNamara', 'imcnamara22@booking.com', '618-707-3315', '21 Nevada Pass', '6522106701', '2012-10-31', '1992-11-12'),
(76, 'Tillie', 'Danilewicz', 'tdanilewicz23@google.co.jp', '693-572-6297', '7521 Macpherson Pass', '1569723753', '2008-12-01', '2002-11-16'),
(77, 'Jeniece', 'Stanfield', 'jstanfield24@printfriendly.com', '618-709-1426', '8 Becker Trail', '9732021527', '2013-09-09', '1988-08-13'),
(78, 'Aidan', 'Silvermann', 'asilvermann25@foxnews.com', '311-390-3404', '3 Spaight Drive', '9968022691', '2022-01-17', '1983-07-16'),
(79, 'Elmira', 'Charters', 'echarters26@toplist.cz', '153-511-1725', '5 2nd Circle', '7667282897', '2023-05-19', '1987-04-12'),
(80, 'Tori', 'Grono', 'tgrono27@ftc.gov', '542-322-4819', '38 Lighthouse Bay Drive', '6419363152', '2022-03-05', '1984-01-25'),
(81, 'Emmi', 'Vanne', 'evanne28@ucla.edu', '365-440-0399', '247 Katie Circle', '7749563776', '2019-03-25', '2000-06-02'),
(82, 'Robinia', 'Marzellano', 'rmarzellano29@opensource.org', '770-951-1532', '7333 Novick Terrace', '0050470280', '2012-08-14', '1995-03-11'),
(83, 'Eldin', 'Isaac', 'eisaac2a@so-net.ne.jp', '601-574-4898', '6 Northland Way', '0328775401', '2018-06-30', '2018-02-14'),
(84, 'Engracia', 'Kingsman', 'ekingsman2b@vk.com', '183-530-9804', '9 Superior Crossing', '8105757389', '2012-09-04', '1995-10-29'),
(85, 'Shoshanna', 'Routley', 'sroutley2c@eepurl.com', '469-733-2364', '85656 Havey Crossing', '8509959250', '2001-12-17', '2022-05-16'),
(86, 'Shellysheldon', 'O\'Fogerty', 'sofogerty2d@cnet.com', '892-714-6409', '70267 Kim Road', '3584902150', '2007-11-12', '1992-07-02'),
(87, 'Lay', 'Garland', 'lgarland2e@wikispaces.com', '426-983-6179', '62024 Alpine Circle', '7887174139', '2022-08-29', '1983-12-17'),
(88, 'Hendrika', 'Innocenti', 'hinnocenti2f@imgur.com', '571-831-3158', '28 Luster Road', '1901282295', '2015-06-08', '2001-01-05'),
(89, 'Farrell', 'Tildesley', 'ftildesley2g@shutterfly.com', '361-593-6217', '24 Blaine Crossing', '0534324959', '2010-05-04', '2005-06-11'),
(90, 'Lauree', 'Muttock', 'lmuttock2h@canalblog.com', '998-805-2035', '851 Shelley Junction', '3117602143', '2019-03-17', '2010-02-15'),
(91, 'Marcelline', 'Siggery', 'msiggery2i@netlog.com', '410-603-2156', '10 Portage Circle', '2591237085', '2015-04-25', '2009-12-08'),
(92, 'Benedicto', 'Blockley', 'bblockley2j@canalblog.com', '881-852-9672', '48 Anthes Avenue', '4232507493', '2004-11-22', '2010-08-16'),
(93, 'Dionne', 'de Wilde', 'ddewilde2k@devhub.com', '545-154-6629', '0 Fulton Circle', '6334318470', '2019-11-19', '2016-12-02'),
(94, 'Karlie', 'Venmore', 'kvenmore2l@ucsd.edu', '397-808-6220', '839 Thompson Terrace', '9894228844', '2006-08-15', '2024-01-24'),
(95, 'Say', 'Axcel', 'saxcel2m@princeton.edu', '719-586-0679', '5066 Dapin Circle', '1640642382', '2006-04-08', '2020-09-13'),
(96, 'Faustina', 'Staden', 'fstaden2n@hhs.gov', '800-392-3973', '964 Comanche Alley', '2929625708', '2008-03-27', '1985-05-01'),
(97, 'Brion', 'Keedwell', 'bkeedwell2o@cbslocal.com', '517-401-2278', '716 Meadow Ridge Crossing', '6878786371', '2017-12-06', '2012-07-27'),
(98, 'Crystie', 'Wilfinger', 'cwilfinger2p@so-net.ne.jp', '415-932-0187', '31677 Coleman Junction', '3170995006', '2005-02-08', '2020-07-11'),
(99, 'Rollins', 'Croson', 'rcroson2q@skype.com', '152-923-7247', '1456 Namekagon Trail', '1477459162', '2009-12-09', '2012-05-27'),
(100, 'Rozella', 'Spier', 'rspier2r@blogs.com', '103-627-7631', '5968 Havey Street', '1176103075', '2020-08-19', '2003-08-05');

-- --------------------------------------------------------

--
-- Table structure for table `employee`
--

CREATE TABLE `employee` (
  `employee_id` int(11) DEFAULT NULL,
  `first_name` varchar(50) DEFAULT NULL,
  `last_name` varchar(50) DEFAULT NULL,
  `email` varchar(50) DEFAULT NULL,
  `phone` varchar(50) DEFAULT NULL,
  `role` varchar(18) DEFAULT NULL,
  `location_id` varchar(50) DEFAULT NULL
) ENGINE=InnoDB DEFAULT CHARSET=utf8mb4 COLLATE=utf8mb4_general_ci;

--
-- Dumping data for table `employee`
--

INSERT INTO `employee` (`employee_id`, `first_name`, `last_name`, `email`, `phone`, `role`, `location_id`) VALUES
(1, 'Danna', 'Pointon', 'dpointon0@scribd.com', '526-689-0922', 'Maintenance Staff', '54'),
(2, 'Heidi', 'Marritt', 'hmarritt1@shutterfly.com', '667-309-4316', 'Branch Manager', '80'),
(3, 'Keven', 'Ganley', 'kganley2@google.ca', '216-731-4749', 'Administrator', '23'),
(4, 'Kippy', 'Simonin', 'ksimonin3@engadget.com', '636-969-7230', 'Quality Control', '67'),
(5, 'Modesta', 'Akers', 'makers4@nasa.gov', '287-360-8060', 'Administrator', '71'),
(6, 'Arlee', 'Gianullo', 'agianullo5@google.com.au', '380-500-8458', 'Maintenance Staff', '7'),
(7, 'Chiquita', 'Punchard', 'cpunchard6@tuttocitta.it', '650-792-3428', 'Rental Clark/Agent', '100'),
(8, 'Myca', 'Dionsetti', 'mdionsetti7@soup.io', '878-351-1758', 'Quality Control', '79'),
(9, 'Leisha', 'Fallow', 'lfallow8@reddit.com', '219-289-5955', 'Quality Control', '31'),
(10, 'Hugibert', 'Hernik', 'hhernik9@ebay.com', '491-976-7778', 'Branch Manager', '69'),
(11, 'Chico', 'Abreheart', 'cabrehearta@vistaprint.com', '954-251-8068', 'Branch Manager', '46'),
(12, 'Kayne', 'Stanlick', 'kstanlickb@buzzfeed.com', '462-207-6919', 'Fleet Manager', '72'),
(13, 'Jonell', 'Road', 'jroadc@printfriendly.com', '135-169-4342', 'Branch Manager', '16'),
(14, 'Ingrid', 'Yakuntsov', 'iyakuntsovd@nyu.edu', '454-745-6182', 'Administrator', '65'),
(15, 'Alvy', 'Rillett', 'arillette@fema.gov', '688-637-0794', 'Rental Clark/Agent', '29'),
(16, 'Hilton', 'Lathe', 'hlathef@state.tx.us', '507-876-9618', 'Administrator', '12'),
(17, 'Angie', 'McGourty', 'amcgourtyg@51.la', '841-125-9525', 'Rental Clark/Agent', '63'),
(18, 'Kaleb', 'di Rocca', 'kdiroccah@businessweek.com', '887-162-6684', 'Administrator', '74'),
(19, 'Kimball', 'Dilleston', 'kdillestoni@fema.gov', '340-973-4841', 'Branch Manager', '87'),
(20, 'Dorice', 'Matskevich', 'dmatskevichj@wunderground.com', '865-639-5508', 'Rental Clark/Agent', '86'),
(21, 'Ginni', 'Puxley', 'gpuxleyk@rambler.ru', '540-234-8318', 'Quality Control', '44'),
(22, 'Wilbert', 'Uzelli', 'wuzellil@blinklist.com', '116-881-7032', 'Administrator', '47'),
(23, 'Indira', 'Gourdon', 'igourdonm@de.vu', '315-263-3762', 'Maintenance Staff', '76'),
(24, 'Louise', 'Merrison', 'lmerrisonn@yahoo.co.jp', '807-760-4267', 'Quality Control', '83'),
(25, 'Ricky', 'O\'Scollee', 'roscolleeo@opensource.org', '742-214-3566', 'Branch Manager', '70'),
(26, 'Dannel', 'Autie', 'dautiep@buzzfeed.com', '770-960-8145', 'Administrator', '93'),
(27, 'Terrel', 'Ellison', 'tellisonq@cbsnews.com', '410-354-9321', 'Maintenance Staff', '99'),
(28, 'Monte', 'Spurden', 'mspurdenr@army.mil', '451-898-2580', 'Quality Control', '25'),
(29, 'Melita', 'Puddle', 'mpuddles@etsy.com', '739-434-0097', 'Branch Manager', '57'),
(30, 'Theressa', 'Yantsurev', 'tyantsurevt@printfriendly.com', '745-269-4153', 'Quality Control', '77'),
(31, 'Anne-marie', 'Anmore', 'aanmoreu@naver.com', '964-942-8566', 'Rental Clark/Agent', '27'),
(32, 'Lila', 'Lammert', 'llammertv@reuters.com', '675-316-4703', 'Fleet Manager', '34'),
(33, 'Amerigo', 'Hammer', 'ahammerw@about.me', '918-800-3529', 'Maintenance Staff', '66'),
(34, 'Britta', 'Akaster', 'bakasterx@oakley.com', '887-717-4416', 'Rental Clark/Agent', '24'),
(35, 'Catherin', 'Dourin', 'cdouriny@icq.com', '909-330-6835', 'Quality Control', '3'),
(36, 'Jerrie', 'Libri', 'jlibriz@w3.org', '507-338-8323', 'Administrator', '50'),
(37, 'Lyn', 'Tocqueville', 'ltocqueville10@ning.com', '164-808-8516', 'Administrator', '43'),
(38, 'Fianna', 'Woolfoot', 'fwoolfoot11@mozilla.org', '191-590-3526', 'Quality Control', '18'),
(39, 'Leonidas', 'Hawken', 'lhawken12@discuz.net', '102-693-8716', 'Maintenance Staff', '36'),
(40, 'Allister', 'Maynard', 'amaynard13@google.com', '929-508-0732', 'Fleet Manager', '2'),
(41, 'Allin', 'Cawt', 'acawt14@ycombinator.com', '729-848-3401', 'Rental Clark/Agent', '14'),
(42, 'Torrin', 'Pawden', 'tpawden15@meetup.com', '113-477-7349', 'Branch Manager', '38'),
(43, 'Alayne', 'Lowres', 'alowres16@msn.com', '169-235-4515', 'Administrator', '42'),
(44, 'Dulce', 'Leatt', 'dleatt17@ed.gov', '402-534-1427', 'Rental Clark/Agent', '11'),
(45, 'Olympia', 'Ferreli', 'oferreli18@gizmodo.com', '826-657-9060', 'Administrator', '59'),
(46, 'Noelle', 'Rupel', 'nrupel19@google.es', '430-760-4090', 'Rental Clark/Agent', '52'),
(47, 'Erek', 'Golbourn', 'egolbourn1a@house.gov', '921-765-9183', 'Branch Manager', '64'),
(48, 'Daphene', 'Dunklee', 'ddunklee1b@unblog.fr', '421-769-8354', 'Administrator', '37'),
(49, 'Hyacinthe', 'Mougin', 'hmougin1c@plala.or.jp', '373-752-9894', 'Quality Control', '96'),
(50, 'Evaleen', 'Knee', 'eknee1d@gravatar.com', '172-977-8212', 'Quality Control', '55'),
(51, 'Mariska', 'Pinner', 'mpinner1e@angelfire.com', '472-626-0939', 'Maintenance Staff', '5'),
(52, 'Vi', 'Blockley', 'vblockley1f@dagondesign.com', '469-545-6732', 'Quality Control', '75'),
(53, 'Ashlee', 'Filyaev', 'afilyaev1g@cdc.gov', '802-939-3732', 'Branch Manager', '60'),
(54, 'Loise', 'Hunnaball', 'lhunnaball1h@last.fm', '253-870-3124', 'Maintenance Staff', '19'),
(55, 'Karel', 'Pipes', 'kpipes1i@economist.com', '428-336-2874', 'Branch Manager', '22'),
(56, 'Maurise', 'Tonbridge', 'mtonbridge1j@edublogs.org', '872-499-4133', 'Rental Clark/Agent', '97'),
(57, 'Alfy', 'Ubsdale', 'aubsdale1k@answers.com', '726-444-3979', 'Quality Control', '73'),
(58, 'Ailis', 'McDermid', 'amcdermid1l@webs.com', '736-235-5705', 'Rental Clark/Agent', '94'),
(59, 'Cybill', 'Handaside', 'chandaside1m@ebay.com', '940-943-4845', 'Administrator', '90'),
(60, 'Ezekiel', 'Mackison', 'emackison1n@examiner.com', '565-355-3611', 'Quality Control', '35'),
(61, 'Gal', 'Greenless', 'ggreenless1o@unesco.org', '874-943-3377', 'Quality Control', '58'),
(62, 'Lambert', 'Glennon', 'lglennon1p@techcrunch.com', '104-391-2177', 'Administrator', '82'),
(63, 'Bernadina', 'Threadgould', 'bthreadgould1q@aboutads.info', '145-460-0316', 'Fleet Manager', '49'),
(64, 'Haze', 'Mothersole', 'hmothersole1r@stumbleupon.com', '716-437-6971', 'Rental Clark/Agent', '40'),
(65, 'Elsbeth', 'Beceril', 'ebeceril1s@webeden.co.uk', '963-659-5220', 'Branch Manager', '8'),
(66, 'Berkly', 'Thoumas', 'bthoumas1t@prweb.com', '940-690-9242', 'Maintenance Staff', '53'),
(67, 'Morgun', 'Witchell', 'mwitchell1u@washington.edu', '479-653-5530', 'Quality Control', '85'),
(68, 'Mattheus', 'Norridge', 'mnorridge1v@linkedin.com', '465-869-9637', 'Branch Manager', '61'),
(69, 'Jacquette', 'Ert', 'jert1w@blog.com', '732-614-5271', 'Rental Clark/Agent', '15'),
(70, 'Gus', 'Pree', 'gpree1x@yolasite.com', '915-334-8801', 'Quality Control', '30'),
(71, 'Alicia', 'Hambribe', 'ahambribe1y@comcast.net', '652-219-6354', 'Quality Control', '9'),
(72, 'Fons', 'Megarrell', 'fmegarrell1z@webs.com', '174-228-4512', 'Administrator', '41'),
(73, 'Rianon', 'Mertgen', 'rmertgen20@yale.edu', '639-962-6281', 'Branch Manager', '1'),
(74, 'Anica', 'Wordsworth', 'awordsworth21@imageshack.us', '537-166-2299', 'Maintenance Staff', '4'),
(75, 'Cathlene', 'Reekie', 'creekie22@pinterest.com', '688-809-7009', 'Rental Clark/Agent', '92'),
(76, 'Waldo', 'Pulster', 'wpulster23@harvard.edu', '999-365-0102', 'Maintenance Staff', '98'),
(77, 'Ivy', 'Witz', 'iwitz24@google.com.br', '432-920-7909', 'Rental Clark/Agent', '33'),
(78, 'Alberto', 'Vise', 'avise25@cnet.com', '558-931-8014', 'Fleet Manager', '20'),
(79, 'Morgana', 'Scoggin', 'mscoggin26@t-online.de', '300-886-6873', 'Maintenance Staff', '26'),
(80, 'Alexis', 'Worsley', 'aworsley27@networkadvertising.org', '740-514-8219', 'Quality Control', '13'),
(81, 'Lee', 'Vasyunkin', 'lvasyunkin28@newsvine.com', '555-188-3851', 'Rental Clark/Agent', '39'),
(82, 'Gabi', 'Pardie', 'gpardie29@uol.com.br', '291-421-2339', 'Fleet Manager', '10'),
(83, 'Kennie', 'Augie', 'kaugie2a@amazon.com', '771-797-2004', 'Fleet Manager', '56'),
(84, 'Mead', 'Marcroft', 'mmarcroft2b@sogou.com', '446-281-8153', 'Fleet Manager', '81'),
(85, 'Aundrea', 'Gravener', 'agravener2c@usatoday.com', '238-766-2690', 'Branch Manager', '6'),
(86, 'De', 'Javes', 'djaves2d@nationalgeographic.com', '702-236-7597', 'Quality Control', '84'),
(87, 'Hermy', 'Rizzi', 'hrizzi2e@geocities.jp', '934-939-8746', 'Branch Manager', '88'),
(88, 'Sioux', 'Wichard', 'swichard2f@bizjournals.com', '722-588-6722', 'Administrator', '68'),
(89, 'Logan', 'Whether', 'lwhether2g@smugmug.com', '515-635-4767', 'Maintenance Staff', '21'),
(90, 'Sherline', 'Manilo', 'smanilo2h@com.com', '697-960-5061', 'Maintenance Staff', '51'),
(91, 'Martin', 'Gurery', 'mgurery2i@squidoo.com', '557-626-6778', 'Branch Manager', '89'),
(92, 'Barbabra', 'De Mitris', 'bdemitris2j@mediafire.com', '444-630-9170', 'Quality Control', '45'),
(93, 'Rhiamon', 'Moyes', 'rmoyes2k@yandex.ru', '654-118-4900', 'Administrator', '32'),
(94, 'Conan', 'Gatty', 'cgatty2l@unesco.org', '507-881-8729', 'Branch Manager', '62'),
(95, 'Veronique', 'Carolan', 'vcarolan2m@jigsy.com', '614-798-2103', 'Branch Manager', '95'),
(96, 'Sigismund', 'Vankeev', 'svankeev2n@jalbum.net', '262-181-5062', 'Fleet Manager', '48'),
(97, 'Beatriz', 'Knappett', 'bknappett2o@businessweek.com', '669-168-4154', 'Maintenance Staff', '78'),
(98, 'Mitzi', 'Byrth', 'mbyrth2p@cargocollective.com', '701-759-0769', 'Maintenance Staff', '17'),
(99, 'Fernanda', 'Vicioso', 'fvicioso2q@nih.gov', '763-127-0329', 'Fleet Manager', '28'),
(100, 'Meyer', 'Chantrell', 'mchantrell2r@ft.com', '949-781-1914', 'Administrator', '91');

-- --------------------------------------------------------

--
-- Table structure for table `insurance`
--

CREATE TABLE `insurance` (
  `insurance_id` int(11) DEFAULT NULL,
  `insurance_type` varchar(3) DEFAULT NULL,
  `insurance_fee` int(11) DEFAULT NULL,
  `rental_id` varchar(50) DEFAULT NULL
) ENGINE=InnoDB DEFAULT CHARSET=utf8mb4 COLLATE=utf8mb4_general_ci;

--
-- Dumping data for table `insurance`
--

INSERT INTO `insurance` (`insurance_id`, `insurance_type`, `insurance_fee`, `rental_id`) VALUES
(1, 'CDW', 1746, '45'),
(2, 'LDW', 1265, '75'),
(3, 'PAI', 1393, '51'),
(4, 'SLI', 1475, '76'),
(5, 'PEC', 1186, '7'),
(6, 'ERA', 1855, '74'),
(7, 'TLI', 1680, '60'),
(8, 'TP', 1169, '80'),
(9, 'TAW', 1688, '39'),
(10, 'ER', 1391, '77'),
(11, 'CDW', 1137, '6'),
(12, 'LDW', 1810, '27'),
(13, 'PAI', 1849, '46'),
(14, 'SLI', 1197, '50'),
(15, 'PEC', 1875, '2'),
(16, 'ERA', 1489, '65'),
(17, 'TLI', 1538, '73'),
(18, 'TP', 1989, '3'),
(19, 'TAW', 1324, '40'),
(20, 'ER', 1959, '26'),
(21, 'CDW', 1894, '59'),
(22, 'LDW', 1592, '78'),
(23, 'PAI', 1593, '71'),
(24, 'SLI', 1125, '18'),
(25, 'PEC', 1001, '17'),
(26, 'ERA', 1445, '57'),
(27, 'TLI', 1422, '61'),
(28, 'TP', 1798, '56'),
(29, 'TAW', 1391, '91'),
(30, 'ER', 1179, '86'),
(31, 'CDW', 1063, '68'),
(32, 'LDW', 1308, '55'),
(33, 'PAI', 1842, '53'),
(34, 'SLI', 1116, '9'),
(35, 'PEC', 1818, '94'),
(36, 'ERA', 1533, '63'),
(37, 'TLI', 1491, '83'),
(38, 'TP', 1783, '41'),
(39, 'TAW', 1700, '30'),
(40, 'ER', 1506, '81'),
(41, 'CDW', 1144, '22'),
(42, 'LDW', 1831, '84'),
(43, 'PAI', 1172, '14'),
(44, 'SLI', 1755, '47'),
(45, 'PEC', 1360, '21'),
(46, 'ERA', 1732, '15'),
(47, 'TLI', 1216, '67'),
(48, 'TP', 1234, '13'),
(49, 'TAW', 1920, '44'),
(50, 'ER', 1350, '8'),
(51, 'CDW', 1047, '38'),
(52, 'LDW', 1176, '100'),
(53, 'PAI', 1582, '31'),
(54, 'SLI', 1990, '23'),
(55, 'PEC', 1029, '24'),
(56, 'ERA', 1273, '98'),
(57, 'TLI', 1206, '89'),
(58, 'TP', 1094, '82'),
(59, 'TAW', 1215, '85'),
(60, 'ER', 1574, '35'),
(61, 'CDW', 1712, '96'),
(62, 'LDW', 1911, '90'),
(63, 'PAI', 1380, '62'),
(64, 'SLI', 1987, '52'),
(65, 'PEC', 1588, '58'),
(66, 'ERA', 1644, '11'),
(67, 'TLI', 1185, '87'),
(68, 'TP', 1355, '66'),
(69, 'TAW', 1828, '5'),
(70, 'ER', 1854, '48'),
(71, 'CDW', 1556, '69'),
(72, 'LDW', 1956, '34'),
(73, 'PAI', 1511, '99'),
(74, 'SLI', 1585, '1'),
(75, 'PEC', 1116, '28'),
(76, 'ERA', 1197, '25'),
(77, 'TLI', 1930, '33'),
(78, 'TP', 1342, '49'),
(79, 'TAW', 1755, '72'),
(80, 'ER', 1865, '70'),
(81, 'CDW', 1697, '95'),
(82, 'LDW', 1186, '88'),
(83, 'PAI', 1578, '4'),
(84, 'SLI', 1713, '37'),
(85, 'PEC', 1001, '54'),
(86, 'ERA', 1811, '19'),
(87, 'TLI', 1542, '43'),
(88, 'TP', 1278, '36'),
(89, 'TAW', 1567, '16'),
(90, 'ER', 1966, '42'),
(91, 'CDW', 1879, '97'),
(92, 'LDW', 1620, '20'),
(93, 'PAI', 1403, '64'),
(94, 'SLI', 1773, '79'),
(95, 'PEC', 1776, '92'),
(96, 'ERA', 1891, '93'),
(97, 'TLI', 1370, '32'),
(98, 'TP', 1871, '10'),
(99, 'TAW', 1148, '29'),
(100, 'ER', 1987, '12');

-- --------------------------------------------------------

--
-- Table structure for table `location`
--

CREATE TABLE `location` (
  `location_id` int(11) DEFAULT NULL,
  `location_name` varchar(50) DEFAULT NULL,
  `city` varchar(50) DEFAULT NULL,
  `adress` varchar(50) DEFAULT NULL,
  `zip_code` varchar(50) DEFAULT NULL
) ENGINE=InnoDB DEFAULT CHARSET=utf8mb4 COLLATE=utf8mb4_general_ci;

--
-- Dumping data for table `location`
--

INSERT INTO `location` (`location_id`, `location_name`, `city`, `adress`, `zip_code`) VALUES
(1, 'Clarendon', 'Hushan', '71 Anhalt Place', '47'),
(2, 'Emmet', 'Luar', '59 Comanche Way', '9'),
(3, 'Delaware', 'Veghel', '7585 Valley Edge Way', '797'),
(4, 'Commercial', 'Inazawa', '4 Kenwood Street', '50570'),
(5, 'Namekagon', 'Albuquerque', '075 Heffernan Point', '4922'),
(6, 'American', 'Beltinci', '10 Starling Circle', '69'),
(7, 'Kim', 'Mont-Tremblant', '081 Eagan Trail', '573'),
(8, 'Grim', 'Bulacnin', '961 Delaware Place', '59601'),
(9, 'Harper', 'Yahotyn', '1 Walton Street', '02193'),
(10, 'Heath', 'Moutsamoudou', '7 Forest Place', '28'),
(11, 'Steensland', 'Gusong', '22239 Mockingbird Place', '771'),
(12, 'Kingsford', 'Khovd', '9025 Boyd Crossing', '65941'),
(13, 'Division', 'Saint-Paul', '15 Mitchell Crossing', '09'),
(14, 'Beilfuss', 'Várzea', '8 Prairie Rose Street', '5'),
(15, 'Mcbride', 'Temenggungan', '09390 Mockingbird Street', '65780'),
(16, 'Sachs', 'Candoso', '06 Prairieview Drive', '4'),
(17, 'Melvin', 'Gilowice', '741 Bonner Pass', '00197'),
(18, 'Superior', 'Letlhakeng', '3 Anniversary Terrace', '4'),
(19, 'Vermont', 'Zaindainxoi', '83135 Spaight Parkway', '28167'),
(20, 'School', 'Ýdra', '25 Nelson Crossing', '6367'),
(21, 'Clarendon', 'Disina', '3414 Schurz Alley', '73581'),
(22, 'Florence', 'Henggang', '3 Bay Trail', '49'),
(23, 'Lien', 'Obukhiv', '6 Schurz Junction', '463'),
(24, 'Dennis', 'Baoshan', '38264 Dayton Way', '9080'),
(25, 'Bashford', 'Glugur Tengah', '534 Rowland Park', '2846'),
(26, 'Onsgard', 'Vân Tùng', '09839 Pierstorff Drive', '1512'),
(27, 'Wayridge', 'Jintan', '0198 Village Drive', '23254'),
(28, 'Prairieview', 'Quinta da Torre', '282 Carioca Hill', '6366'),
(29, 'Marquette', 'Cravinhos', '736 Dovetail Center', '993'),
(30, 'Ryan', 'Shaliangzi', '45 Hazelcrest Place', '6360'),
(31, 'Warbler', 'Dolores', '23350 Mandrake Lane', '497'),
(32, 'Farwell', 'Tongqian', '62 Clyde Gallagher Circle', '9341'),
(33, 'Jana', 'Itaperuna', '95718 Kingsford Way', '27'),
(34, 'Talmadge', 'Tangnan', '76 Montana Junction', '3085'),
(35, 'Nelson', 'Bairro Assunção Piedade', '42 Schmedeman Drive', '276'),
(36, 'Drewry', 'Bakaran Kulon', '83 Forest Pass', '65'),
(37, 'Continental', 'Yuecheng', '9 Quincy Avenue', '6275'),
(38, 'Grim', 'Chekmagush', '05927 Tennyson Avenue', '3528'),
(39, 'Graceland', 'Kerep Wetan', '09558 Hazelcrest Trail', '67715'),
(40, 'Bobwhite', 'Asan-Maina Village', '24664 2nd Road', '6596'),
(41, 'Mandrake', 'Bulri', '97 Hauk Lane', '11112'),
(42, 'Paget', 'Yalagüina', '3401 Donald Street', '2'),
(43, 'Riverside', 'San Jerónimo', '02 Nelson Court', '94636'),
(44, 'Nova', 'Makanya', '3 Sommers Pass', '90'),
(45, 'Dawn', 'Aucallama', '0848 Harper Park', '86839'),
(46, 'Charing Cross', 'Moriguchi', '3557 Banding Park', '75'),
(47, 'Green', 'Arão', '9 Summit Terrace', '244'),
(48, 'Debra', 'Ježdovec', '9948 Montana Point', '9594'),
(49, 'Longview', 'Vittoriosa', '7912 Hagan Way', '7'),
(50, 'Algoma', 'Loma', '6 Nelson Plaza', '1'),
(51, 'Forest Run', 'Kulpin', '778 Caliangt Plaza', '2'),
(52, 'Golf Course', 'Plumbangan', '617 Namekagon Crossing', '67'),
(53, 'Burning Wood', 'Turośń Kościelna', '327 David Crossing', '034'),
(54, 'Hanover', 'Fulu', '739 Hayes Court', '78'),
(55, 'Jana', 'Tallkalakh', '7 Hollow Ridge Parkway', '3'),
(56, 'Welch', 'Basak', '91 Blaine Way', '83'),
(57, 'Manitowish', 'Longxing', '40 Marcy Center', '060'),
(58, 'Moland', 'Corona', '402 Briar Crest Parkway', '7289'),
(59, 'Dawn', 'Pigeiros', '65 Dapin Drive', '52618'),
(60, 'Bunker Hill', 'Temeke', '3 Village Alley', '6'),
(61, 'Bobwhite', 'Hamada', '41099 American Ash Pass', '47805'),
(62, 'Sommers', 'Rivière-du-Loup', '394 Fuller Street', '02291'),
(63, 'Derek', 'Dingshan', '5140 2nd Court', '17950'),
(64, 'Armistice', 'Xiadingjia', '467 Anniversary Place', '8385'),
(65, 'Mccormick', 'Jieshui', '96351 Ryan Center', '9485'),
(66, 'Sommers', 'Tongqiao', '70960 Forest Run Park', '5278'),
(67, 'Northport', 'Dajanrurung', '01638 Service Alley', '9'),
(68, 'Esker', 'Saijō', '8 Dwight Avenue', '46'),
(69, 'Cambridge', 'Kedungdoro', '9 Packers Lane', '8'),
(70, 'Dryden', 'Tieba', '2 Lyons Parkway', '371'),
(71, 'La Follette', 'Dongxi', '44 Oxford Court', '92924'),
(72, 'Cambridge', 'Pasarbaru', '50692 Portage Crossing', '9782'),
(73, 'Mesta', 'Yeniköy', '576 Bayside Street', '31'),
(74, 'Messerschmidt', 'Zorak', '89 Delladonna Way', '6076'),
(75, 'Talmadge', 'Feikeng', '673 Northview Junction', '39535'),
(76, 'Dawn', 'Amarillo', '4 Northwestern Trail', '2041'),
(77, 'Badeau', 'Pakis', '54534 Northview Place', '30'),
(78, 'Calypso', 'Soko', '2869 Bluejay Avenue', '85832'),
(79, 'Russell', 'Cezi', '1823 Kedzie Pass', '95866'),
(80, 'Melody', 'Orsk', '1278 Anthes Street', '0142'),
(81, 'Sheridan', 'Ta Phraya', '0 North Hill', '1'),
(82, 'Eagle Crest', 'Mubo', '81 Maple Wood Trail', '7498'),
(83, 'Cardinal', 'Liushun', '4684 Hoffman Parkway', '23425'),
(84, 'Eastwood', 'Dzaoudzi', '65267 Main Junction', '8939'),
(85, 'Thompson', 'Suncheon', '315 Myrtle Circle', '68122'),
(86, 'Colorado', 'Glad', '7 Lake View Lane', '7923'),
(87, 'Prairieview', 'Les Cèdres', '039 Hazelcrest Way', '0713'),
(88, 'Namekagon', 'Perepravnaya', '161 Merchant Street', '9150'),
(89, 'Miller', 'Dadamtu', '07 Stone Corner Street', '3574'),
(90, 'Hallows', 'Kolirerek', '14320 Muir Hill', '03'),
(91, 'Charing Cross', 'Nārang', '48 Bartillon Road', '19'),
(92, 'Green', 'Chropyně', '7 East Trail', '8515'),
(93, 'Arapahoe', 'Gantang', '3134 Cascade Circle', '118'),
(94, 'Dapin', 'Pasirpengarayan', '818 Larry Crossing', '25'),
(95, 'Glacier Hill', 'Yunxi', '89070 Declaration Way', '23'),
(96, 'Old Gate', 'Pameungpeuk', '299 Mifflin Avenue', '60095'),
(97, 'Ronald Regan', 'Jinli', '99 Daystar Trail', '149'),
(98, 'Shoshone', 'Kamigyō-ku', '5 Troy Parkway', '123'),
(99, 'Dwight', 'Jalingo', '6 Holy Cross Road', '91'),
(100, 'Paget', 'Guanyinsi', '10 Starling Place', '47');

-- --------------------------------------------------------

--
-- Table structure for table `payment`
--

CREATE TABLE `payment` (
  `payment_id` int(11) DEFAULT NULL,
  `amount` varchar(50) DEFAULT NULL,
  `payment_method` varchar(18) DEFAULT NULL,
  `rental_id` varchar(50) DEFAULT NULL
) ENGINE=InnoDB DEFAULT CHARSET=utf8mb4 COLLATE=utf8mb4_general_ci;

--
-- Dumping data for table `payment`
--

INSERT INTO `payment` (`payment_id`, `amount`, `payment_method`, `rental_id`) VALUES
(1, '12612', 'Bank Transfer', '10'),
(2, '16546', 'Corporate  Billing', '55'),
(3, '2123', 'Bank Transfer', '42'),
(4, '6799', 'Bank Transfer', '56'),
(5, '17315', 'Cash', '67'),
(6, '2661', 'Credit', '47'),
(7, '5560', 'Mobile Payment', '93'),
(8, '6933', 'Corporate  Billing', '23'),
(9, '10379', 'Bank Transfer', '53'),
(10, '15698', 'Instalment', '38'),
(11, '3099', 'Instalment', '44'),
(12, '4280', 'Corporate  Billing', '100'),
(13, '4179', 'Bank Transfer', '72'),
(14, '17904', 'Credit', '76'),
(15, '7816', 'Bank Transfer', '80'),
(16, '15961', 'Credit', '99'),
(17, '7244', 'Bank Transfer', '27'),
(18, '12400', 'Corporate  Billing', '30'),
(19, '3394', 'Instalment', '32'),
(20, '13477', 'Bank Transfer', '66'),
(21, '12455', 'Instalment', '90'),
(22, '8654', 'Debit', '19'),
(23, '12467', 'Debit', '64'),
(24, '8957', 'Instalment', '68'),
(25, '10331', 'Corporate  Billing', '20'),
(26, '3164', 'Mobile Payment', '41'),
(27, '10358', 'Cash', '45'),
(28, '11115', 'Bank Transfer', '4'),
(29, '16794', 'Instalment', '11'),
(30, '7038', 'Cash', '48'),
(31, '3347', 'Credit', '88'),
(32, '2727', 'Cash', '1'),
(33, '12169', 'Debit', '89'),
(34, '9269', 'Instalment', '13'),
(35, '12683', 'Debit', '87'),
(36, '7932', 'Bank Transfer', '46'),
(37, '13803', 'Mobile Payment', '82'),
(38, '15933', 'Debit', '26'),
(39, '6702', 'Bank Transfer', '35'),
(40, '12380', 'Cash', '22'),
(41, '10624', 'Instalment', '2'),
(42, '6249', 'Debit', '61'),
(43, '12059', 'Bank Transfer', '79'),
(44, '6219', 'Bank Transfer', '29'),
(45, '9636', 'Bank Transfer', '6'),
(46, '15740', 'Instalment', '33'),
(47, '8914', 'Cash', '17'),
(48, '12435', 'Corporate  Billing', '59'),
(49, '5854', 'Instalment', '75'),
(50, '17544', 'Debit', '37'),
(51, '7507', 'Credit', '39'),
(52, '3626', 'Bank Transfer', '94'),
(53, '4041', 'Credit', '92'),
(54, '8237', 'Cash', '43'),
(55, '11971', 'Credit', '63'),
(56, '12434', 'Bank Transfer', '78'),
(57, '12987', 'Mobile Payment', '84'),
(58, '6692', 'Debit', '18'),
(59, '5881', 'Bank Transfer', '74'),
(60, '13890', 'Corporate  Billing', '52'),
(61, '4239', 'Credit', '69'),
(62, '3332', 'Mobile Payment', '16'),
(63, '14280', 'Mobile Payment', '34'),
(64, '16663', 'Instalment', '8'),
(65, '3910', 'Bank Transfer', '40'),
(66, '5122', 'Mobile Payment', '70'),
(67, '12393', 'Mobile Payment', '5'),
(68, '2710', 'Credit', '81'),
(69, '9072', 'Debit', '36'),
(70, '9637', 'Mobile Payment', '58'),
(71, '17229', 'Mobile Payment', '15'),
(72, '4985', 'Bank Transfer', '86'),
(73, '8489', 'Instalment', '54'),
(74, '15146', 'Bank Transfer', '98'),
(75, '14121', 'Debit', '9'),
(76, '3669', 'Mobile Payment', '3'),
(77, '10807', 'Debit', '62'),
(78, '6398', 'Bank Transfer', '28'),
(79, '3645', 'Credit', '97'),
(80, '3848', 'Instalment', '24'),
(81, '13581', 'Cash', '31'),
(82, '2875', 'Debit', '14'),
(83, '7761', 'Debit', '12'),
(84, '12032', 'Debit', '57'),
(85, '6315', 'Corporate  Billing', '21'),
(86, '2880', 'Mobile Payment', '95'),
(87, '12752', 'Instalment', '65'),
(88, '13464', 'Debit', '96'),
(89, '14228', 'Instalment', '73'),
(90, '6709', 'Credit', '83'),
(91, '3480', 'Cash', '71'),
(92, '15968', 'Debit', '50'),
(93, '13286', 'Instalment', '91'),
(94, '2804', 'Credit', '85'),
(95, '2576', 'Debit', '51'),
(96, '3911', 'Debit', '7'),
(97, '6315', 'Debit', '49'),
(98, '2875', 'Debit', '14'),
(99, '12987', 'Corporate  Billing', '84'),
(100, '3911', 'Credit', '7');

-- --------------------------------------------------------

--
-- Table structure for table `rental`
--

CREATE TABLE `rental` (
  `rental_id` int(11) DEFAULT NULL,
  `customer_id` varchar(50) DEFAULT NULL,
  `employee_id` varchar(50) DEFAULT NULL,
  `car_id` varchar(50) DEFAULT NULL,
  `insurance_id` varchar(50) DEFAULT NULL,
  `payment_id` varchar(50) DEFAULT NULL,
  `rental_date` date DEFAULT NULL,
  `return_date` date DEFAULT NULL,
  `total_price` int(11) DEFAULT NULL,
  `pickup_location_id` varchar(50) DEFAULT NULL,
  `dropoff_location_id` varchar(50) DEFAULT NULL
) ENGINE=InnoDB DEFAULT CHARSET=utf8mb4 COLLATE=utf8mb4_general_ci;

--
-- Dumping data for table `rental`
--

INSERT INTO `rental` (`rental_id`, `customer_id`, `employee_id`, `car_id`, `insurance_id`, `payment_id`, `rental_date`, `return_date`, `total_price`, `pickup_location_id`, `dropoff_location_id`) VALUES
(1, '89', '90', '17', '6', '36', '2024-09-08', '2024-09-05', 5366, '63', '40'),
(2, '80', '83', '10', '3', '51', '2024-09-08', '2024-09-05', 14614, '46', '58'),
(3, '26', '100', '26', '2', '73', '2024-09-08', '2024-09-08', 7102, '96', '29'),
(4, '73', '97', '24', '8', '82', '2024-09-03', '2024-09-07', 15473, '71', '95'),
(5, '14', '46', '11', '5', '2', '2024-09-06', '2024-09-05', 16263, '58', '92'),
(6, '2', '75', '86', '9', '69', '2024-09-06', '2024-09-07', 16150, '29', '4'),
(7, '54', '51', '61', '4', '23', '2024-09-07', '2024-09-06', 10960, '34', '80'),
(8, '66', '86', '41', '10', '96', '2024-09-09', '2024-09-08', 15215, '35', '99'),
(9, '46', '68', '28', '7', '4', '2024-09-05', '2024-09-07', 3366, '81', '14'),
(10, '25', '16', '73', '1', '22', '2024-09-05', '2024-09-06', 11257, '12', '89'),
(11, '1', '36', '42', '5', '45', '2024-09-05', '2024-09-05', 10551, '51', '32'),
(12, '72', '8', '19', '1', '80', '2024-09-04', '2024-09-04', 8673, '55', '38'),
(13, '77', '25', '43', '3', '56', '2024-09-09', '2024-09-06', 17004, '43', '94'),
(14, '74', '65', '70', '2', '77', '2024-09-09', '2024-09-05', 4729, '18', '69'),
(15, '93', '79', '20', '7', '91', '2024-09-05', '2024-09-06', 12381, '32', '1'),
(16, '63', '22', '71', '9', '53', '2024-09-09', '2024-09-06', 8472, '97', '2'),
(17, '79', '19', '95', '8', '52', '2024-09-09', '2024-09-07', 14790, '20', '78'),
(18, '24', '69', '35', '10', '57', '2024-09-07', '2024-09-04', 10163, '42', '67'),
(19, '13', '11', '78', '4', '46', '2024-09-06', '2024-09-04', 14665, '69', '12'),
(20, '33', '20', '63', '6', '41', '2024-09-06', '2024-09-09', 8784, '76', '13'),
(21, '20', '43', '87', '2', '61', '2024-09-06', '2024-09-06', 3772, '39', '28'),
(22, '67', '52', '92', '10', '74', '2024-09-03', '2024-09-06', 10485, '47', '60'),
(23, '5', '41', '100', '6', '83', '2024-09-08', '2024-09-04', 12043, '64', '36'),
(24, '51', '32', '25', '5', '90', '2024-09-09', '2024-09-07', 12707, '72', '22'),
(25, '37', '82', '6', '8', '5', '2024-09-09', '2024-09-04', 7377, '15', '50'),
(26, '16', '29', '62', '7', '30', '2024-09-06', '2024-09-04', 3401, '13', '73'),
(27, '3', '58', '9', '1', '10', '2024-09-06', '2024-09-04', 10005, '17', '16'),
(28, '28', '42', '84', '3', '24', '2024-09-04', '2024-09-05', 14197, '52', '19'),
(29, '84', '7', '44', '4', '92', '2024-09-09', '2024-09-06', 4768, '77', '18'),
(30, '7', '93', '8', '9', '49', '2024-09-08', '2024-09-09', 3120, '26', '8'),
(31, '34', '87', '15', '7', '20', '2024-09-05', '2024-09-05', 10000, '68', '54'),
(32, '85', '1', '14', '3', '13', '2024-09-03', '2024-09-06', 11223, '22', '62'),
(33, '81', '17', '80', '2', '58', '2024-09-07', '2024-09-05', 12171, '10', '77'),
(34, '94', '76', '38', '9', '78', '2024-09-06', '2024-09-09', 13212, '49', '93'),
(35, '40', '14', '76', '4', '65', '2024-09-05', '2024-09-08', 10292, '37', '10'),
(36, '58', '77', '96', '5', '21', '2024-09-09', '2024-09-05', 10827, '5', '74'),
(37, '41', '4', '54', '6', '62', '2024-09-03', '2024-09-09', 8421, '38', '49'),
(38, '27', '24', '50', '1', '34', '2024-09-08', '2024-09-04', 17057, '41', '56'),
(39, '83', '38', '58', '10', '6', '2024-09-03', '2024-09-09', 7725, '60', '24'),
(40, '92', '73', '85', '8', '33', '2024-09-06', '2024-09-04', 4225, '70', '82'),
(41, '96', '60', '21', '10', '76', '2024-09-04', '2024-09-09', 14723, '7', '33'),
(42, '15', '57', '39', '7', '26', '2024-09-05', '2024-09-06', 12688, '53', '21'),
(43, '21', '92', '51', '3', '71', '2024-09-06', '2024-09-09', 16461, '89', '59'),
(44, '62', '9', '52', '2', '18', '2024-09-05', '2024-09-04', 17104, '40', '25'),
(45, '12', '3', '65', '8', '27', '2024-09-06', '2024-09-09', 15129, '21', '96'),
(46, '4', '78', '5', '5', '12', '2024-09-05', '2024-09-06', 14805, '92', '37'),
(47, '64', '21', '60', '4', '3', '2024-09-07', '2024-09-07', 9654, '82', '63'),
(48, '68', '39', '59', '6', '25', '2024-09-05', '2024-09-09', 10984, '31', '23'),
(49, '86', '89', '77', '1', '19', '2024-09-05', '2024-09-07', 17100, '11', '72'),
(50, '95', '34', '93', '9', '14', '2024-09-09', '2024-09-08', 6108, '33', '66'),
(51, '99', '59', '49', '2', '47', '2024-09-06', '2024-09-06', 2503, '78', '15'),
(52, '22', '35', '57', '10', '48', '2024-09-03', '2024-09-06', 3600, '8', '30'),
(53, '65', '44', '30', '7', '42', '2024-09-09', '2024-09-07', 13667, '79', '75'),
(54, '48', '26', '47', '8', '85', '2024-09-05', '2024-09-08', 12568, '48', '17'),
(55, '32', '56', '32', '4', '43', '2024-09-09', '2024-09-07', 14115, '45', '68'),
(56, '19', '61', '40', '1', '60', '2024-09-03', '2024-09-09', 5812, '30', '76'),
(57, '88', '71', '69', '3', '8', '2024-09-06', '2024-09-04', 11871, '94', '48'),
(58, '53', '80', '97', '6', '97', '2024-09-05', '2024-09-06', 7774, '54', '27'),
(59, '9', '28', '7', '5', '17', '2024-09-08', '2024-09-06', 9640, '16', '81'),
(60, '97', '54', '75', '9', '28', '2024-09-03', '2024-09-07', 4819, '85', '44'),
(61, '31', '70', '99', '9', '37', '2024-09-06', '2024-09-09', 14248, '98', '46'),
(62, '47', '85', '94', '3', '31', '2024-09-09', '2024-09-05', 12995, '73', '88'),
(63, '69', '55', '18', '7', '44', '2024-09-06', '2024-09-04', 10825, '90', '71'),
(64, '36', '6', '22', '2', '11', '2024-09-05', '2024-09-09', 14727, '1', '91'),
(65, '23', '47', '1', '6', '70', '2024-09-07', '2024-09-09', 3373, '100', '64'),
(66, '42', '66', '68', '5', '32', '2024-09-09', '2024-09-08', 4969, '74', '83'),
(67, '70', '10', '64', '1', '55', '2024-09-06', '2024-09-05', 14336, '88', '6'),
(68, '59', '72', '31', '10', '63', '2024-09-09', '2024-09-05', 16071, '2', '100'),
(69, '61', '88', '34', '4', '29', '2024-09-07', '2024-09-05', 4790, '4', '53'),
(70, '18', '13', '33', '8', '64', '2024-09-03', '2024-09-08', 14009, '44', '41'),
(71, '75', '2', '81', '8', '38', '2024-09-05', '2024-09-09', 6358, '87', '39'),
(72, '35', '15', '16', '9', '100', '2024-09-08', '2024-09-08', 8661, '67', '20'),
(73, '100', '96', '29', '7', '95', '2024-09-07', '2024-09-07', 13165, '23', '98'),
(74, '30', '23', '53', '6', '16', '2024-09-06', '2024-09-07', 16431, '91', '85'),
(75, '87', '45', '82', '4', '50', '2024-09-04', '2024-09-07', 7500, '99', '90'),
(76, '90', '53', '67', '5', '98', '2024-09-04', '2024-09-08', 11442, '93', '42'),
(77, '10', '30', '79', '10', '1', '2024-09-09', '2024-09-08', 11716, '95', '70'),
(78, '76', '33', '66', '2', '35', '2024-09-09', '2024-09-08', 4716, '83', '65'),
(79, '17', '98', '45', '3', '87', '2024-09-08', '2024-09-07', 10134, '80', '84'),
(80, '71', '18', '36', '1', '94', '2024-09-04', '2024-09-06', 6683, '24', '47'),
(81, '50', '31', '89', '5', '89', '2024-09-03', '2024-09-07', 6756, '27', '43'),
(82, '45', '48', '98', '9', '72', '2024-09-06', '2024-09-04', 14878, '14', '97'),
(83, '57', '64', '3', '10', '40', '2024-09-04', '2024-09-05', 7339, '3', '87'),
(84, '78', '95', '48', '6', '99', '2024-09-04', '2024-09-08', 8098, '66', '86'),
(85, '98', '12', '91', '3', '9', '2024-09-03', '2024-09-06', 9423, '56', '9'),
(86, '55', '62', '23', '7', '15', '2024-09-06', '2024-09-07', 2019, '36', '7'),
(87, '52', '63', '4', '1', '75', '2024-09-05', '2024-09-05', 15873, '57', '3'),
(88, '43', '74', '83', '8', '86', '2024-09-09', '2024-09-05', 17061, '59', '31'),
(89, '56', '49', '88', '4', '54', '2024-09-07', '2024-09-09', 4244, '25', '26'),
(90, '11', '94', '90', '2', '7', '2024-09-03', '2024-09-04', 2833, '61', '51'),
(91, '91', '91', '2', '7', '39', '2024-09-06', '2024-09-09', 14395, '9', '55'),
(92, '29', '81', '27', '6', '84', '2024-09-06', '2024-09-09', 15161, '62', '5'),
(93, '82', '40', '46', '1', '88', '2024-09-06', '2024-09-08', 10549, '86', '61'),
(94, '44', '5', '56', '4', '81', '2024-09-06', '2024-09-08', 9358, '6', '52'),
(95, '6', '67', '74', '2', '66', '2024-09-03', '2024-09-05', 7689, '75', '34'),
(96, '39', '50', '72', '9', '79', '2024-09-09', '2024-09-06', 16878, '84', '45'),
(97, '60', '99', '12', '10', '59', '2024-09-03', '2024-09-05', 5422, '28', '11'),
(98, '49', '84', '13', '5', '93', '2024-09-04', '2024-09-06', 14171, '50', '79'),
(99, '38', '37', '37', '8', '68', '2024-09-08', '2024-09-06', 2982, '19', '57'),
(100, '65', '39', '55', '3', '67', '2024-09-08', '2024-09-09', 8018, '51', '41');
COMMIT;

/*!40101 SET CHARACTER_SET_CLIENT=@OLD_CHARACTER_SET_CLIENT */;
/*!40101 SET CHARACTER_SET_RESULTS=@OLD_CHARACTER_SET_RESULTS */;
/*!40101 SET COLLATION_CONNECTION=@OLD_COLLATION_CONNECTION */;
